Topic ID,Title,Category,Total Views,Unique Viewers
"sec-1","Callbacks & Callback Hell","async",0,0
"sec-2","Promises & Async/Await","async",0,0
"sec-3","Event Emitter","async",0,0
"sec-4","Path Module","modules",1,1
"sec-5","File System (fs) Module","modules",0,0
"sec-6","HTTP Module","modules",0,0
"sec-7","What is Express.js & Setup","express",0,0
"sec-8","Express Request & Response Objects","express",0,0
"sec-9","Routing & Routers in Express","express",0,0
"sec-10","Middleware & Built-in Middleware","express",0,0
"sec-11","Error Handling in Express","express",0,0
"sec-12","Templates, Lifecycle & Best Practices","express",0,0
"sec-13","MongoDB Basics & Data Model","mongodb",0,0
"sec-14","MongoDB CRUD & Query Operators","mongodb",0,0
"sec-15","MongoDB Advanced & Aggregation","mongodb",1,1
"sec-16","Mongoose Overview, Schema & Model","mongodb",0,0
"sec-17","Mongoose Ops, Validation & Hooks","mongodb",0,0
"sec-18","Relationships, Transactions & Best Practices","mongodb",1,1
